company,ticker,rrf
AT&T,T,0.007352941176470588
AbbVie,ABBV,0.024634009009009007
Abbott Laboratories,ABT,0.015384615384615385
Adobe Inc.,ADBE,0.012987012987012988
Agilent Technologies,A,0.04375624375624376
Air Products,APD,0.009523809523809525
Amazon,AMZN,0.016129032258064516
American Express,AXP,0.01282051282051282
Analog Devices,ADI,0.02487789987789988
Apple Inc.,AAPL,0.025910931174089068
Applied Materials,AMAT,0.028169014084507043
Autodesk,ADSK,0.027820121951219513
Automatic Data Processing,ADP,0.01098901098901099
Avery Dennison,AVY,0.022679127725856698
"BXP, Inc.",BXP,0.015151515151515152
Baker Hughes,BKR,0.03987944539397319
Ball Corporation,BALL,0.014705882352941176
Best Buy,BBY,0.022319319792158714
Biogen,BIIB,0.03278688524590164
Booking Holdings,BKNG,0.011627906976744186
Bristol Myers Squibb,BMY,0.011111111111111112
CBRE Group,CBRE,0.043307015646405655
Cadence Design Systems,CDNS,0.013157894736842105
Campbell's Company (The),CPB,0.008849557522123894
Carrier Global,CARR,0.019761697181052022
Cencora,COR,0.008130081300813009
Centene Corporation,CNC,0.014285714285714285
Charles River Laboratories,CRL,0.008333333333333333
Church & Dwight,CHD,0.0078125
Ciena,CIEN,0.01
Cigna,CI,0.00980392156862745
Cisco,CSCO,0.06404192177112061
Clorox,CLX,0.01639344262295082
Cognizant,CTSH,0.007462686567164179
Colgate-Palmolive,CL,0.014492753623188406
Consolidated Edison,ED,0.00909090909090909
Constellation Energy,CEG,0.015873015873015872
Corning Inc.,GLW,0.0072992700729927005
Cummins,CMI,0.012345679012345678
DaVita,DVA,0.007407407407407408
Danaher Corporation,DHR,0.007751937984496124
Deckers Brands,DECK,0.014492753623188406
Deere & Company,DE,0.007936507936507936
Dell Technologies,DELL,0.009708737864077669
Digital Realty,DLR,0.025252525252525252
Ecolab,ECL,0.04239215883051499
Edwards Lifesciences,EW,0.013513513513513514
Electronic Arts,EA,0.008928571428571428
Equinix,EQIX,0.010309278350515464
Equity Residential,EQR,0.013333333333333334
Estée Lauder Companies (The),EL,0.009433962264150943
Eversource Energy,ES,0.013157894736842105
Exelon,EXC,0.014705882352941176
First Solar,FSLR,0.01878969654199012
Ford Motor Company,F,0.014285714285714285
Freeport-McMoRan,FCX,0.013157894736842105
Gartner,IT,0.007142857142857143
Generac,GNRC,0.014285714285714285
General Mills,GIS,0.02488425925925926
Gilead Sciences,GILD,0.011904761904761904
HP Inc.,HPQ,0.014705882352941176
Hasbro,HAS,0.011627906976744186
Healthpeak Properties,DOC,0.012987012987012988
Hewlett Packard Enterprise,HPE,0.02429667519181586
Hologic,HOLX,0.008771929824561403
Hormel Foods,HRL,0.011111111111111112
Host Hotels & Resorts,HST,0.025562994522215457
Humana,HUM,0.007246376811594203
IBM,IBM,0.015151515151515152
Ingersoll Rand,IR,0.037440451169959366
Intel,INTC,0.024325827078120657
International Flavors & Fragrances,IFF,0.025015634771732333
Iron Mountain,IRM,0.021586799276672695
Jacobs Solutions,J,0.0125
Johnson & Johnson,JNJ,0.016129032258064516
Johnson Controls,JCI,0.014705882352941176
KLA Corporation,KLAC,0.018504371445547917
Keurig Dr Pepper,KDP,0.017494270435446907
Keysight Technologies,KEYS,0.023709315375982042
Kimberly-Clark,KMB,0.014285714285714285
Kimco Realty,KIM,0.012345679012345678
Kroger,KR,0.011494252873563218
Lam Research,LRCX,0.023821721311475412
Las Vegas Sands,LVS,0.025974025974025976
Lennox International,LII,0.011904761904761904
MGM Resorts,MGM,0.007575757575757576
Mastercard,MA,0.024603608529250955
Merck & Co.,MRK,0.015873015873015872
MetLife,MET,0.023018203170874926
Mettler Toledo,MTD,0.011494252873563218
Microsoft,MSFT,0.02393753200204813
Molson Coors Beverage Company,TAP,0.011235955056179775
Moody's Corporation,MCO,0.015625
Newmont,NEM,0.02424331472230385
Nucor,NUE,0.0125
Nvidia,NVDA,0.024634110998406025
ON Semiconductor,ON,0.012048192771084338
Oracle Corporation,ORCL,0.014705882352941176
Otis Worldwide,OTIS,0.009259259259259259
PPG Industries,PPG,0.010416666666666666
Palo Alto Networks,PANW,0.01020408163265306
PayPal,PYPL,0.015151515151515152
Principal Financial Group,PFG,0.010526315789473684
Procter & Gamble,PG,0.0136986301369863
Prologis,PLD,0.03859530950807449
Prudential Financial,PRU,0.016129032258064516
Public Service Enterprise Group,PEG,0.012658227848101266
Qualcomm,QCOM,0.022028985507246378
Ralph Lauren Corporation,RL,0.009615384615384616
Regency Centers,REG,0.007692307692307693
Regeneron Pharmaceuticals,REGN,0.009523809523809525
Republic Services,RSG,0.013513513513513514
Rockwell Automation,ROK,0.011235955056179775
S&P Global,SPGI,0.03792584227366836
Salesforce,CRM,0.00847457627118644
Sempra,SRE,0.011764705882352941
ServiceNow,NOW,0.023392612859097127
Skyworks Solutions,SWKS,0.010752688172043012
Stanley Black & Decker,SWK,0.009345794392523364
Synopsys,SNPS,0.018234323432343234
T-Mobile US,TMUS,0.008849557522123894
Teradyne,TER,0.011764705882352941
"Tesla, Inc.",TSLA,0.014925373134328358
Texas Instruments,TXN,0.010638297872340425
Thermo Fisher Scientific,TMO,0.008620689655172414
Uber,UBER,0.008547008547008548
Union Pacific Corporation,UNP,0.011363636363636364
Verisk Analytics,VRSK,0.01020408163265306
Verizon,VZ,0.008264462809917356
Viatris,VTRS,0.007874015748031496
Visa Inc.,V,0.013513513513513514
W. W. Grainger,GWW,0.01
Waste Management,WM,0.010309278350515464
Waters Corporation,WAT,0.019235955056179775
Welltower,WELL,0.008771929824561403
Weyerhaeuser,WY,0.018305355715427657
Williams Companies,WMB,0.011494252873563218
"Workday, Inc.",WDAY,0.010416666666666666
Xylem Inc.,XYL,0.023912239615432023
eBay Inc.,EBAY,0.019684663162924033
